X,Y
41.586,38.675
41.68,38.274
41.89,37.901
41.878,38.705
41.606,39.007
41.7,38.046
42.01,38.517
41.832,38.693
41.482,39.27
41.689,36.459
41.877,38.197
42.089,39.296
41.428,35.757
39.391,33.14
36.529,30.406
33.422,27.877
30.738,28.18
28.068,30.971
25.435,33.421
24.713,39.076
28.438,41.891
33.011,42.892
37.906,44.848
42.476,45.887
47.405,44.208
51.808,41.65
55.63,39.854
58.398,37.599
61.096,34.683
61.654,32.593
62.566,29.815
62.64,28.125
61.953,27.793
63.261,28.731
68.127,32.613
73.004,38.628
75.86,44.974
75.854,52.664
71.888,59.154
67.318,61.15
65.438,62.147
65.699,62.906
61.809,60.59
56.291,58.811
51.779,60.418
50.164,61.426
49.494,59.285
48.201,56.539
44.981,54.67
44.743,50.904
43.547,48.1
40.778,45.49
38.753,43.365
37.068,41.281
36.514,38.923
37.208,37.651
38.262,37.591
39.549,36.38
39.222,36.327
37.686,36.026
35.553,33.266
32.602,33.362
28.867,35.087
25.618,34.912
23.804,33.758
22.695,33.185
22.928,34.826
24.852,34.622
28.119,35.577
31.598,36.28
36.134,35.524
38.17,34.299
37.096,32.774
35.79,33.465
35.755,38.308
37.908,43.093
41.331,46.51
44.719,49.848
45.954,52.618
46.987,54.339
50.429,55.667
55.154,56.674
60.752,57.654
63.32,55.852
65.763,53.409
68.068,51.446
70.199,49.76
72.291,46.688
72.991,44.334
72.837,42.535
72.794,39.684
72.489,36.858
73.335,34.315
74.037,32.677
74.859,30.712
76.806,28.418
79.0,26.425
80.354,25.168
81.308,23.322
82.271,21.3
82.976,19.912
83.703,18.453
84.293,17.05
84.376,15.348
83.868,14.255
83.863,13.943
84.064,14.936
84.062,16.163
84.243,16.345
82.95,18.003
81.915,19.113
80.911,21.855
79.221,25.237
78.574,27.681
80.657,31.607
83.616,33.743
83.177,38.337
79.692,43.19
75.648,45.655
71.474,46.743
66.383,47.656
60.349,46.433
53.575,44.486
46.897,42.846
41.223,42.665
36.861,40.053
33.765,40.317
33.004,43.939
33.728,47.894
35.406,50.869
35.583,51.341
35.001,50.655
34.266,49.296
33.806,47.596
33.287,46.721
31.823,47.349
30.249,48.866
28.577,50.572
26.443,51.371
25.448,51.696
23.941,51.66
23.95,50.74
23.457,49.183
24.044,47.087
24.564,45.872
24.11,43.416
23.435,39.863
22.519,37.859
22.793,36.198
23.286,35.372
24.884,32.875
25.342,32.834
27.395,31.143
30.706,31.441
35.555,31.19
40.479,30.699
44.679,30.146
46.969,29.144
47.649,28.757
48.966,29.271
51.722,30.427
56.806,29.456
59.984,30.359
62.187,32.311
63.416,35.072
63.535,37.428
63.119,39.524
62.295,42.952
61.277,45.107
60.895,46.98
60.085,49.088
58.098,49.629
55.893,49.705
52.403,50.102
47.5,50.593
42.231,50.814
39.661,53.001
41.954,54.457
45.341,53.826
47.013,53.355
48.021,53.814
52.803,54.759
56.735,55.017
58.839,57.12
61.693,60.019
61.17,60.097
61.975,60.121
62.418,61.139
63.72,61.733
64.682,63.031
65.393,63.922
64.944,62.781
64.805,62.339
64.564,62.548
65.132,62.728
66.527,62.81
68.278,62.344
69.504,59.964
72.039,57.575
77.748,57.679
82.347,60.273
85.708,61.071
87.693,59.177
89.749,58.347
91.111,59.001
91.401,59.603
90.852,59.072
89.624,58.091
87.395,56.983
84.242,54.563
82.011,53.682
80.366,52.4
79.336,52.313
78.442,52.276
77.836,52.302
76.831,51.197
74.88,52.356
73.169,53.293
72.368,54.032
69.622,54.67
67.253,55.243
65.556,56.531
65.531,58.134
65.778,57.717
65.219,58.373
64.678,60.404
64.081,60.201
64.461,61.917
64.864,63.95
64.996,64.317
65.393,62.652
65.548,60.897
66.454,59.059
67.431,57.826
68.574,57.268
69.287,57.022
69.868,56.538
69.669,56.492
69.896,56.164
69.315,56.258
68.285,56.153
67.765,56.12
67.165,55.697
66.151,55.458
66.361,55.969
65.464,56.35
65.305,56.883
65.162,56.096
63.283,53.028
61.326,50.657
60.629,52.093
59.741,53.433
58.573,54.016
56.967,54.347
55.365,52.398
53.061,50.592
51.224,49.557
50.062,48.157
49.135,46.739
48.796,44.482
49.24,42.964
50.398,41.937
52.008,41.286
53.386,41.562
53.279,41.278
51.997,39.992
52.764,37.765
54.849,35.975
57.649,35.123
61.599,34.724
65.214,34.254
69.004,33.478
71.723,32.522
72.589,33.629
71.474,34.336
70.908,34.01
71.801,33.211
72.839,31.491
74.476,31.059
75.974,31.951
77.227,30.253
77.885,29.779
78.289,30.916
76.424,31.632
71.531,30.964
66.916,29.568
63.486,28.985
61.683,30.891
59.285,32.574
56.977,34.557
55.779,33.954
55.72,34.581
55.529,34.401
55.939,33.856
56.584,36.693
56.706,39.66
55.501,43.253
53.906,47.03
52.364,51.877
49.578,55.302
47.061,58.594
44.257,61.708
42.564,64.205
41.599,65.305
39.551,64.758
36.645,63.852
33.187,62.963
30.733,62.409
31.269,62.614
33.391,63.284
35.839,63.432
38.614,63.175
41.526,62.352
43.851,61.123
45.456,58.403
46.231,56.438
45.858,55.558
45.192,54.596
44.43,52.808
44.214,50.787
43.734,47.973
43.312,45.713
43.004,45.367
41.777,45.668
41.175,47.129
41.31,48.907
41.141,50.735
41.432,52.511
40.996,54.677
40.378,57.238
39.258,59.955
37.734,62.426
36.598,63.063
37.341,61.059
38.49,58.615
38.799,56.332
39.04,55.38
39.407,53.659
39.02,51.103
37.341,48.766
34.978,46.44
30.843,45.479
25.713,45.17
19.855,42.229
16.769,40.587
15.704,41.939
17.856,42.851
20.608,42.934
24.084,43.525
27.155,44.563
31.0,44.329
34.135,44.528
36.62,44.998
39.702,44.588
42.331,44.314
44.534,42.92
46.058,40.169
47.784,38.806
49.337,37.555
50.081,37.301
50.958,36.829
52.048,35.527
53.493,33.683
54.844,33.356
55.555,32.417
55.737,33.171
54.99,33.134
53.669,31.765
54.063,31.649
54.062,30.328
54.174,29.557
54.579,29.413
55.793,27.57
58.307,28.023
61.649,29.278
65.865,32.166
69.925,34.491
74.068,34.243
76.456,33.162
77.188,33.795
76.518,34.181
76.251,32.619
77.391,32.064
81.118,32.76
86.483,31.476
91.944,31.185
95.924,32.88
96.08,31.785
95.094,33.17
94.69,33.176
95.882,31.08
97.615,28.308
95.188,26.348
93.506,22.072
91.684,19.332
89.544,16.564
87.333,13.494
89.462,13.283
92.372,15.777
93.258,19.982
94.905,21.78
96.118,21.12
96.417,18.966
97.056,15.385
97.78,10.929
98.571,5.879
97.885,2.756
97.546,-0.111
97.679,-1.343
97.456,-0.463
94.596,1.835
93.029,1.502
90.873,1.602
88.203,2.83
87.52,3.743
87.309,4.017
88.156,4.839
89.503,6.67
87.818,8.657
85.772,10.423
86.425,11.89
86.924,14.387
86.125,19.417
84.043,23.589
81.122,27.105
77.866,31.181
74.07,35.444
70.411,39.279
67.117,44.519
65.093,48.331
63.466,51.305
61.489,52.822
57.247,52.705
52.63,52.29
48.785,52.754
44.926,51.707
40.787,52.017
35.705,52.998
29.025,55.206
22.541,58.015
17.043,60.976
15.194,63.465
14.991,64.382
15.788,63.922
17.25,63.88
18.13,63.855
18.562,65.346
18.605,65.299
17.476,65.118
17.666,64.598
20.64,63.849
24.394,62.599
24.326,63.227
24.149,64.696
26.112,64.8
26.35,62.895
25.134,59.896
22.962,58.713
21.311,61.87
20.015,64.992
18.378,65.288
17.15,64.243
17.994,63.262
19.21,61.966
20.204,61.371
22.222,60.118
24.212,59.193
26.495,58.05
29.365,56.423
32.624,54.664
35.562,53.789
38.235,53.387
40.709,52.939
43.134,50.89
45.054,48.665
46.677,46.053
48.464,43.66
50.04,42.252
51.038,40.366
51.963,38.952
52.441,38.249
53.415,37.167
53.586,36.021
54.164,34.412
55.936,33.619
56.568,32.134
56.985,30.539
57.745,30.896
57.941,30.798
57.938,30.191
57.686,29.256
57.628,29.486
58.861,29.418
60.775,28.242
62.526,28.082
64.928,28.204
67.309,28.332
69.346,28.524
71.401,28.614
73.971,28.88
77.139,31.175
78.224,33.615
76.147,38.298
72.587,44.496
69.694,49.858
67.54,53.599
65.538,55.589
63.867,56.134
58.297,56.883
54.123,56.462
52.461,56.306
47.605,55.61
47.889,55.291
50.001,55.339
48.695,53.422
47.785,52.46
47.019,52.607
44.937,50.193
43.168,47.129
41.289,45.053
39.783,43.877
38.185,41.747
36.503,39.721
34.111,37.2
31.291,34.802
27.186,36.231
23.648,34.821
20.565,33.92
19.97,32.874
22.832,30.854
26.35,30.47
28.844,30.947
31.201,31.701
33.812,32.995
35.623,32.192
37.491,32.386
40.092,33.408
42.571,34.933
45.472,35.099
48.58,35.461
51.019,35.228
53.564,33.974
55.738,32.955
57.054,32.559
58.386,31.275
59.202,31.301
60.487,30.384
62.418,29.076
63.331,29.495
64.334,31.543
64.062,32.356
63.038,32.615
61.521,33.315
59.99,32.246
59.128,30.268
58.993,29.728
58.654,29.594
58.424,28.05
57.797,26.53
56.532,26.119
55.472,24.733
54.74,24.353
54.639,22.429
54.623,22.133
55.161,20.273
56.132,18.592
57.107,18.542
58.261,18.504
59.486,18.076
59.13,19.223
56.176,20.745
54.128,22.837
54.163,26.982
52.773,32.358
49.678,40.809
47.594,49.374
45.153,54.398
43.344,57.335
40.061,57.946
37.765,58.824
35.762,59.736
32.891,59.168
29.578,57.675
26.19,55.032
23.577,53.06
20.761,50.585
18.755,48.848
17.968,47.105
18.764,47.673
19.598,47.685
19.18,47.189
20.471,46.24
22.834,47.473
25.43,49.311
28.48,49.324
31.135,47.559
32.363,46.483
32.423,44.97
32.31,45.472
33.027,46.571
34.014,48.34
34.875,51.792
33.278,55.82
33.929,59.976
36.795,63.228
39.165,63.97
39.265,62.235
39.08,59.786
37.899,56.891
36.878,53.997
35.957,50.855
34.125,47.91
32.271,45.088
29.931,45.802
27.591,45.795
25.053,43.98
23.309,42.19
22.008,41.714
21.332,41.834
19.499,44.96
17.296,46.023
15.204,44.56
15.535,45.587
15.784,45.561
15.36,45.16
15.14,44.169
14.767,44.972
14.67,44.351
15.084,45.481
14.979,46.131
13.787,44.059
13.581,43.438
14.214,42.891
15.037,41.37
16.329,41.107
15.85,40.473
15.36,42.438
15.423,42.979
16.126,40.655
17.038,39.565
16.837,39.95
16.11,40.88
15.66,40.741
15.506,39.718
14.68,40.134
14.157,41.906
14.875,41.489
14.894,40.969
14.363,40.636
13.963,40.191
13.98,41.329
13.959,40.196
13.467,41.906
12.836,42.088
13.208,41.391
13.605,41.362
13.375,40.717
13.407,40.33
13.212,40.658
12.883,41.737
12.88,41.585
12.443,42.093
12.432,42.093
12.432,42.093
13.129,40.681
12.764,40.137
13.367,40.425
13.346,40.305
13.455,41.4
13.851,41.672
13.047,41.411
12.842,41.6
13.268,40.563
13.266,40.398
13.972,41.214
13.715,41.101
13.61,40.442
14.419,40.452
13.575,39.921
13.186,38.825
13.784,40.61
14.698,42.65
14.952,43.37
15.185,43.587
14.491,42.794
13.74,42.215
12.745,42.845
13.047,41.893
12.911,41.539
12.373,41.039
11.876,41.053
12.062,41.809
12.466,41.134
12.434,40.587
12.112,40.086
12.819,40.432
11.649,42.099
11.657,42.295
12.487,41.255
12.266,40.6
11.769,39.822
11.249,41.805
11.58,40.681
11.822,40.548
12.175,40.097
12.34,40.172
13.436,40.458
15.522,41.194
18.92,43.905
25.17,44.489
31.541,44.626
36.693,45.478
40.847,46.4
44.439,46.533
47.268,46.029
48.777,44.088
49.878,42.555
51.332,40.998
52.294,39.461
53.412,39.442
54.609,38.735
55.992,37.451
56.867,38.232
56.467,39.335
57.342,39.604
59.693,39.136
59.983,37.086
60.463,37.078
60.399,35.707
60.618,35.364
60.704,38.447
59.789,42.815
59.847,44.385
59.988,44.788
59.488,45.242
58.205,46.295
56.552,46.8
55.855,46.946
55.439,47.401
54.033,46.901
53.069,46.907
52.329,47.829
52.412,48.882
51.969,49.125
49.574,50.514
48.844,51.818
47.157,51.117
44.571,51.405
42.186,49.283
41.15,46.733
39.698,45.575
36.935,44.305
34.461,42.207
32.3,41.017
30.261,39.383
29.249,39.674
26.815,37.898
24.503,38.096
21.461,37.625
20.052,35.804
18.414,35.113
16.202,34.508
15.683,34.844
17.14,36.656
19.743,36.734
23.919,33.769
27.392,34.141
30.447,36.887
33.762,38.154
37.136,38.5
40.083,38.762
42.915,39.669
45.374,39.321
48.513,37.792
51.178,37.122
53.177,35.864
54.833,34.303
56.828,34.118
57.82,33.679
58.919,33.478
59.791,34.143
60.156,33.928
59.643,33.039
58.853,32.392
58.882,32.532
58.946,32.325
59.074,32.175
59.281,32.039
59.273,32.385
59.599,33.018
61.055,33.696
61.566,34.132
62.392,35.669
65.406,38.094
67.919,38.809
69.665,37.726
70.439,36.061
71.634,35.398
73.854,34.024
76.822,34.377
81.505,33.807
86.783,31.686
89.638,29.39
91.306,26.942
92.614,23.04
93.436,19.67
95.268,17.707
97.655,15.121
98.548,12.56
99.245,10.026
100.024,7.587
100.616,6.161
101.001,4.348
101.965,1.818
103.08,0.697
103.503,0.264
102.567,0.091
100.314,0.887
101.671,0.434
102.39,-0.044
101.761,-0.125
101.866,-0.404
101.335,-0.689
102.339,-2.434
102.332,-2.781
100.844,-2.729
101.388,-2.284
101.523,-1.163
103.151,-0.18
103.951,0.298
104.167,-0.294
101.91,0.226
98.972,2.283
97.363,4.025
95.993,6.812
94.971,10.282
93.549,13.749
92.089,16.24
89.624,19.138
88.993,23.034
90.76,25.374
90.174,27.129
88.622,32.441
86.841,35.904
84.701,39.14
82.501,42.422
80.371,44.065
78.326,45.764
75.486,48.574
72.608,51.387
69.899,52.389
68.568,52.799
67.491,53.07
67.073,53.316
65.888,53.079
64.818,52.443
63.646,53.619
64.458,54.047
63.954,54.43
64.236,55.341
63.747,55.35
62.911,54.514
59.255,53.085
56.317,53.261
52.906,51.932
49.912,53.016
47.858,54.631
45.735,55.705
44.424,56.541
43.999,56.835
44.327,56.181
43.961,55.638
43.583,56.01
43.457,56.52
44.251,56.927
46.863,56.814
48.112,57.956
48.339,60.979
49.605,63.461
51.477,64.671
53.881,65.712
56.768,64.186
60.88,61.177
63.984,59.257
65.344,56.792
67.523,54.707
68.675,53.579
69.945,53.301
71.046,52.915
71.521,52.326
72.133,51.941
73.726,49.586
75.139,46.954
76.871,45.328
79.014,42.408
82.224,39.966
83.679,38.54
83.669,38.968
83.139,37.824
81.258,38.632
80.094,40.598
78.848,40.388
76.842,41.294
73.98,43.454
71.206,45.192
67.658,46.696
65.464,46.941
63.943,46.847
61.683,49.246
60.918,48.635
59.688,48.763
59.954,51.329
62.128,55.059
62.182,54.863
56.544,52.248
51.348,51.988
45.858,51.133
40.877,49.201
38.864,46.676
35.647,44.721
33.546,43.167
33.612,40.939
34.921,40.594
37.116,41.771
38.625,41.788
37.435,42.194
34.88,43.029
31.177,43.078
26.045,45.043
20.635,45.309
17.243,46.581
17.03,48.404
19.105,48.981
21.707,49.776
22.363,51.125
22.189,51.528
21.192,50.244
18.353,48.83
15.507,47.559
14.358,46.697
14.842,46.526
16.891,44.896
16.074,45.064
17.368,44.119
21.21,43.577
24.545,44.314
28.587,44.644
32.528,44.998
36.017,46.632
39.472,48.481
42.109,50.652
45.029,52.107
47.97,52.543
49.296,52.266
49.752,53.673
52.407,54.307
51.835,55.188
55.414,55.703
57.277,56.771
58.365,57.863
59.305,58.512
60.394,59.403
61.693,60.424
62.476,61.368
62.992,61.968
63.567,62.997
64.397,64.226
65.227,65.081
64.973,64.306
64.635,63.52
64.848,64.567
63.411,64.67
62.223,64.752
59.488,65.034
56.836,63.704
54.878,60.426
53.725,56.876
53.987,53.878
53.134,51.096
53.282,48.183
52.468,45.499
50.883,42.818
50.398,41.622
51.045,42.523
51.388,42.183
52.521,40.999
54.882,40.706
57.828,38.352
60.69,38.146
65.231,37.269
68.568,36.296
71.143,36.255
74.113,34.777
78.496,33.34
80.986,31.96
81.398,31.155
81.645,31.663
81.543,30.169
81.118,29.195
80.527,29.262
79.949,28.161
79.752,27.873
79.766,26.67
79.925,26.617
80.202,26.823
79.943,27.644
79.941,28.813
79.124,29.553
77.473,28.696
76.896,27.922
77.003,26.699
77.776,26.756
79.73,27.396
80.293,28.946
79.522,31.1
78.139,34.577
76.348,39.383
74.083,44.468
71.299,48.673
69.423,52.208
60.146,51.878
59.521,52.668
59.893,53.755
58.287,53.5
55.786,51.818
53.497,51.826
52.081,51.58
51.153,50.405
51.123,49.674
50.576,50.883
49.757,50.458
48.926,48.197
48.431,45.011
49.143,40.683
50.803,39.594
54.309,37.761
58.33,36.318
62.595,35.257
65.872,34.741
68.614,34.269
71.192,33.417
73.264,32.2
74.048,32.14
75.352,32.543
76.85,31.507
78.272,31.063
79.185,30.86
80.504,30.266
82.043,29.429
83.45,29.662
84.281,29.198
84.329,28.793
84.646,28.233
84.591,27.855
84.19,27.083
83.835,26.174
83.174,25.195
81.996,24.762
80.483,23.168
80.732,24.075
81.733,25.714
83.698,29.963
85.771,33.156
87.064,34.972
85.716,38.106
83.15,39.567
80.464,40.83
78.262,42.585
76.349,44.325
72.763,45.735
69.232,46.852
66.547,47.91
65.229,47.97
65.184,46.848
64.478,47.969
65.063,45.425
67.124,44.397
70.345,44.641
71.671,46.806
71.087,50.712
68.273,54.566
65.187,57.789
62.886,58.169
61.074,59.404
60.703,59.878
60.856,60.7
60.827,61.798
61.118,62.452
62.638,62.65
63.679,62.924
62.939,62.263
61.06,62.733
58.718,63.366
56.675,63.906
55.523,64.102
54.931,63.968
53.994,64.266
53.452,64.01
53.411,63.535
53.641,63.392
53.207,63.898
52.464,64.654
53.083,64.461
53.093,65.597
53.364,65.441
54.634,63.63
57.895,61.498
62.738,59.885
66.187,56.878
67.884,54.923
69.878,53.738
70.58,51.947
69.871,49.743
68.13,47.894
64.956,47.262
60.746,45.139
56.095,44.329
52.326,46.851
49.288,47.804
46.585,45.397
44.141,44.09
43.179,44.498
42.64,44.188
41.583,43.05
40.199,43.261
38.929,42.161
38.159,41.51
37.573,41.886
37.931,40.841
38.269,39.985
38.703,39.383
39.977,37.959
40.696,38.121
41.324,38.63
41.71,38.974
40.269,39.686
39.044,39.72
37.557,39.956
35.316,40.239
32.766,39.411
31.022,40.182
31.331,40.962
32.63,41.07
33.985,41.14
36.402,42.173
38.83,42.32
41.087,41.87
43.709,41.566
45.957,40.975
47.904,40.29
48.85,40.453
51.155,39.187
52.297,37.443
52.773,36.341
52.811,36.263
53.451,35.577
54.287,36.104
55.655,36.479
56.715,36.593
58.804,36.249
61.325,34.604
62.721,34.373
64.758,33.841
68.282,30.977
71.699,28.938
76.301,28.081
80.392,27.028
84.652,26.57
86.516,25.626
86.724,25.573
86.339,25.128
85.357,23.799
84.887,22.252
84.766,20.353
84.558,19.612
84.168,18.387
83.408,17.491
82.411,16.897
82.044,16.823
82.395,16.695
82.575,16.679
82.526,16.702
82.526,16.702
82.526,16.702
82.526,16.702
82.519,18.182
82.578,18.687
82.797,18.872
82.676,18.374
82.179,18.067
82.442,18.156
82.372,18.241
81.951,17.93
82.002,19.118
81.98,19.379
82.16,19.708
82.684,19.305
81.572,18.282
81.117,17.047
80.868,18.018
80.787,18.099
79.791,17.818
79.281,17.776
79.281,17.776
79.281,17.776
80.44,17.871
80.134,18.202
79.965,17.941
80.495,18.065
80.438,17.095
80.162,17.403
80.153,17.43
80.153,17.43
80.153,17.43
79.421,17.77
79.617,17.666
80.303,18.287
81.695,19.008
81.45,19.2
81.338,18.573
79.18,17.433
79.044,15.8
81.924,11.016
83.408,7.035
85.386,4.601
85.578,3.659
83.259,3.045
81.322,3.858
78.375,5.425
77.537,5.672
77.678,5.293
79.128,5.224
80.704,4.835
82.976,3.671
83.496,3.158
83.809,2.762
82.894,2.048
82.98,1.919
82.116,1.839
81.343,1.113
79.75,1.442
77.015,1.928
76.63,2.372
78.32,3.123
79.186,4.366
77.687,6.264
75.949,8.619
75.141,10.529
74.798,11.271
74.585,8.952
72.967,4.943
70.491,1.803
67.953,1.052
65.778,0.891
63.682,2.89
62.376,5.475
60.845,7.748
59.928,10.54
58.277,12.23
56.81,13.894
55.672,15.407
54.171,17.292
53.734,19.215
54.779,20.881
57.265,21.279
59.279,20.591
60.2,21.555
60.112,22.601
59.64,22.455
59.246,23.147
59.257,24.239
59.025,25.488
59.416,26.055
60.064,26.559
61.652,27.653
62.863,28.174
61.241,30.732
58.009,35.142
54.007,40.358
49.47,45.896
44.512,50.528
40.555,54.479
35.522,57.454
30.85,59.954
30.473,61.309
30.931,61.347
30.684,61.255
31.675,61.072
34.41,60.522
38.025,59.623
41.566,59.152
44.569,58.356
46.966,57.387
48.663,56.979
49.64,56.847
49.848,56.911
49.215,56.52
48.29,55.356
47.41,53.541
45.115,51.478
43.302,49.64
42.324,47.585
41.45,46.288
40.395,44.501
39.275,41.973
40.191,38.712
42.577,38.668
44.462,38.253
47.01,38.057
50.013,41.415
50.344,46.769
50.062,49.993
49.872,51.678
51.797,52.685
51.273,53.038
50.477,54.337
50.782,54.56
52.304,54.939
52.32,56.049
51.743,56.04
50.818,56.18
49.963,56.599
49.317,56.743
48.527,56.897
48.052,57.713
47.961,58.84
48.096,59.78
48.254,60.446
48.925,61.134
49.611,62.283
50.437,62.489
51.045,62.747
51.79,63.281
52.644,63.765
53.483,64.053
54.611,64.816
55.447,65.582
56.089,66.101
56.887,66.45
57.459,67.235
57.383,67.563
57.7,68.367
57.834,68.287
57.304,66.725
56.601,64.571
55.788,61.611
54.839,58.83
53.779,56.816
50.147,55.026
49.311,52.177
49.588,50.108
47.315,48.575
45.349,46.346
44.526,44.768
44.333,43.556
44.389,43.66
45.407,44.104
46.822,43.973
48.141,45.353
50.286,46.517
51.657,46.59
52.116,48.405
52.959,50.826
51.0,53.122
48.913,55.52
47.12,57.834
44.58,59.478
43.404,61.156
44.572,62.842
44.357,62.582
42.217,62.733
39.955,63.174
37.459,63.386
36.848,63.442
39.071,62.952
41.792,62.553
42.384,62.118
42.353,61.453
41.473,61.985
41.679,64.181
42.705,64.407
43.679,62.369
43.361,60.037
42.251,57.937
41.199,55.626
39.362,52.97
38.101,50.482
37.407,48.46
36.632,48.971
35.814,50.875
36.115,53.9
37.958,56.009
39.229,57.552
38.639,59.562
36.959,60.78
34.971,61.312
33.576,61.299
34.557,60.151
37.604,59.587
41.05,59.868
44.306,59.709
47.229,58.648
48.743,56.752
47.633,55.403
46.719,53.604
44.684,51.652
41.158,49.557
39.907,46.682
39.35,45.047
39.22,43.424
39.168,42.78
39.273,41.526
40.077,40.666
41.991,41.375
43.599,42.639
45.083,44.173
46.137,47.759
46.628,50.933
45.497,53.666
44.849,55.584
44.174,55.513
43.448,54.597
42.22,52.912
41.163,50.582
40.254,48.116
38.096,45.611
34.481,42.871
29.977,40.852
26.119,39.148
22.917,37.535
21.436,36.435
19.628,37.035
18.69,37.815
17.355,40.523
16.021,44.788
15.437,48.426
14.977,52.352
15.134,57.086
16.016,60.421
17.274,62.083
19.204,62.739
21.487,63.727
22.38,64.814
23.252,65.283
25.054,65.742
26.422,65.697
27.239,65.781
27.965,65.95
28.945,66.058
29.195,65.918
29.401,66.33
29.634,66.299
30.273,66.407
31.148,66.235
31.946,66.06
33.13,65.732
34.203,65.492
34.04,65.185
33.345,65.263
32.421,65.665
31.936,65.646
31.844,66.047
31.576,65.811
32.515,64.748
34.455,63.361
36.692,62.103
39.024,61.76
40.816,63.915
40.924,64.149
38.787,64.077
37.015,63.864
37.32,61.832
38.299,59.693
39.495,57.693
40.789,55.048
41.218,51.244
42.23,48.127
43.386,45.194
44.497,42.622
45.395,40.742
47.593,39.199
50.034,37.471
51.2,37.229
50.866,36.172
52.166,34.331
54.332,32.983
56.552,33.209
57.817,34.507
59.281,35.334
60.831,36.563
61.262,37.187
61.469,38.168
61.639,40.079
61.544,42.295
61.821,44.046
62.417,44.416
62.05,43.611
61.444,44.084
60.693,45.006
59.909,45.849
59.143,46.768
58.769,47.927
59.035,45.672
59.95,42.253
61.63,40.365
62.871,41.64
62.717,42.02
61.446,40.217
60.749,38.327
58.73,36.774
58.426,34.191
57.7,33.088
55.279,32.591
52.729,31.942
48.948,31.887
44.306,30.972
41.891,30.48
41.293,32.21
42.321,32.592
43.643,33.792
44.636,37.224
45.075,39.342
45.42,39.783
46.38,39.527
46.608,40.589
46.157,40.509
46.755,40.507
46.647,39.899
46.956,40.086
46.445,39.832
46.891,38.222
48.037,36.061
48.651,35.296
49.675,35.171
51.205,34.788
51.399,35.201
51.92,35.335
51.939,37.454
52.104,38.605
51.991,38.06
51.523,36.025
52.026,34.733
52.596,34.601
53.52,34.959
53.919,34.113
53.663,35.284
53.441,36.428
52.192,36.404
51.333,36.041
51.333,36.041
51.333,36.041
51.333,36.041
51.333,36.041
52.064,33.948
51.036,35.176
52.809,37.643
52.937,38.385
52.614,37.491
52.614,37.491
53.026,36.758
52.564,35.818
51.12,36.618
51.01,36.809
49.979,36.354
50.47,36.473
50.458,36.863
50.119,37.985
50.097,37.435
48.817,39.22
48.036,39.997
47.636,39.755
47.636,39.755
47.636,39.755
47.636,39.755
47.523,38.079
47.621,38.192
47.538,39.18
47.269,38.661
46.982,38.611
47.211,38.792
47.208,37.985
46.919,38.716
46.973,39.257
46.035,37.828
47.263,35.707
48.766,35.206
49.263,35.121
50.566,33.737
51.868,32.743
52.672,32.338
53.262,32.355
54.163,31.78
55.395,30.608
57.82,29.04
61.088,27.925
64.366,27.517
67.261,28.512
68.555,31.62
69.489,35.626
67.777,40.032
64.507,43.454
60.2,45.613
56.04,45.176
53.422,47.72
50.716,51.959
47.381,53.787
45.053,54.079
43.001,54.504
40.163,53.554
35.897,53.081
30.519,54.574
25.329,59.287
21.954,62.715
20.02,62.251
20.653,60.256
21.624,58.216
22.305,58.547
24.269,57.436
28.7,55.858
33.075,55.085
36.701,55.296
38.37,55.883
37.417,56.727
37.027,59.463
37.66,61.501
36.865,62.311
35.403,62.229
33.688,61.62
32.858,60.254
34.013,58.892
35.686,59.326
37.532,60.589
39.536,61.618
39.457,61.504
37.973,60.923
36.497,60.084
34.656,60.367
33.441,62.518
33.923,63.293
36.042,61.957
37.885,58.898
38.608,54.993
37.819,51.526
35.806,49.045
33.242,47.026
32.332,45.428
33.89,43.66
37.494,43.279
42.341,43.764
48.189,42.755
54.013,43.119
60.16,42.323
65.191,42.398
68.86,42.119
71.717,40.411
71.792,40.102
71.655,40.773
71.675,43.259
72.545,46.215
73.163,48.574
72.946,51.514
72.494,53.488
70.498,54.119
67.555,54.473
64.819,53.294
60.05,51.352
54.751,51.686
48.933,49.352
45.177,46.076
42.933,44.498
41.292,42.624
40.465,42.877
41.038,44.878
42.212,47.653
42.657,51.003
44.21,53.584
45.978,55.922
46.15,56.134
44.898,54.74
43.73,51.893
41.452,50.382
40.899,49.731
40.873,48.94
41.023,46.562
41.227,44.786
42.167,45.176
44.64,46.317
46.919,48.362
48.453,51.121
48.652,53.553
48.197,54.788
45.641,54.74
44.385,56.277
43.991,57.619
43.871,57.509
42.909,56.519
40.359,56.242
35.592,56.612
28.241,58.243
21.885,57.04
17.567,56.776
17.314,58.411
18.224,59.566
20.161,60.535
21.576,61.882
22.994,63.367
24.223,65.111
25.802,66.143
27.824,66.113
29.435,66.29
30.81,66.245
32.014,65.897
33.195,65.429
34.335,65.48
35.984,64.755
36.572,63.883
38.197,64.418
41.102,65.319
43.564,65.64
47.128,65.564
49.931,64.193
51.611,62.791
53.367,61.879
55.728,60.585
57.777,59.073
59.214,57.776
59.107,56.689
57.63,55.296
55.563,53.312
52.844,51.572
50.353,49.713
47.936,50.035
46.721,50.111
45.942,48.961
44.869,48.446
44.424,47.496
42.98,46.887
41.018,46.166
39.542,44.257
38.146,43.15
36.048,41.884
34.192,40.261
33.088,39.326
32.01,37.826
30.294,36.396
30.069,35.973
31.472,33.885
32.793,33.233
33.915,32.594
35.509,30.814
36.978,29.892
38.855,29.611
40.569,29.113
42.268,28.381
43.555,27.816
43.869,27.926
43.562,28.091
43.512,28.322
43.427,28.637
43.663,28.606
43.465,29.156
42.954,29.77
42.737,30.515
42.367,30.6
42.097,30.683
41.986,30.77
41.324,31.054
40.542,32.715
40.612,34.564
41.609,36.508
43.355,37.85
45.07,38.889
46.68,41.706
47.863,43.278
48.704,45.014
49.824,45.268
51.969,42.923
52.92,41.435
53.486,40.648
53.869,39.82
55.09,38.55
55.899,37.539
56.518,35.972
57.352,35.81
58.313,35.275
58.957,34.639
59.648,34.408
59.593,33.305
59.17,32.536
59.027,32.702
60.11,32.987
60.327,32.112
60.891,32.288
61.39,31.819
61.82,31.769
62.175,31.872
61.93,31.529
61.741,30.835
61.606,30.046
60.292,29.053
59.047,29.872
59.525,30.721
60.738,32.618
63.09,34.342
65.648,37.276
67.419,41.619
68.467,46.491
68.349,50.926
67.267,54.913
66.508,57.765
66.849,60.376
64.591,60.315
61.164,58.903
57.646,57.653
55.421,57.04
54.551,56.714
55.98,56.226
59.665,58.123
63.775,60.187
65.478,61.712
65.839,62.219
65.984,62.649
65.951,62.556
66.19,62.307
67.232,61.911
69.032,61.174
71.307,61.037
72.732,60.381
73.763,59.908
74.071,60.516
73.184,61.601
72.13,61.288
71.008,61.145
70.26,62.023
70.208,62.931
70.265,63.918
70.48,64.543
69.85,64.623
69.656,64.731
70.621,64.823
69.479,64.36
67.99,64.028
67.977,62.743
66.427,63.22
65.349,64.663
65.212,65.077
63.87,65.916
62.609,65.352
62.068,64.715
62.203,64.349
62.367,64.339
63.076,64.879
63.907,65.453
64.341,66.325
63.689,66.085
63.098,64.98
63.039,64.189
62.699,63.921
62.417,63.758
62.305,64.118
62.404,64.056
62.896,62.811
62.951,62.682
63.061,63.297
62.875,63.817
62.758,63.817
62.205,63.937
62.087,63.352
61.839,63.354
61.172,62.806
59.608,62.212
57.415,61.344
54.794,60.77
51.821,60.11
49.632,59.517
48.023,58.504
47.672,56.201
47.519,53.86
46.177,51.807
44.406,49.78
42.274,47.851
39.432,44.73
36.205,42.093
32.72,40.017
31.019,39.251
30.705,39.928
29.848,39.414
28.782,36.118
29.21,33.084
29.641,32.235
30.502,30.672
31.163,29.85
31.865,28.744
32.977,27.849
34.072,28.57
35.188,28.626
37.595,27.981
39.832,27.975
42.198,28.479
45.038,28.075
47.467,27.168
49.57,27.4
50.825,27.121
52.467,26.725
53.264,26.295
53.755,25.729
54.894,24.605
55.684,24.497
55.734,23.878
55.609,23.868
56.629,22.028
58.269,20.981
59.951,21.31
60.185,21.883
59.884,21.263
59.224,20.255
58.408,19.951
57.002,20.034
55.093,20.147
54.583,19.884
55.201,20.262
56.506,21.53
58.021,22.029
59.469,22.017
61.723,22.039
63.164,21.388
64.706,20.421
65.348,20.032
65.555,20.244
65.757,19.373
65.657,19.706
65.11,20.272
65.396,21.031
65.505,22.089
65.57,22.329
65.965,23.163
65.988,22.431
65.693,21.076
65.827,20.31
66.552,19.755
68.457,18.689
70.449,17.989
71.906,17.907
71.901,19.907
70.682,21.109
69.578,20.571
70.257,20.452
73.292,22.194
77.67,24.294
79.624,27.061
79.639,29.702
78.434,32.088
77.171,34.057
76.086,36.419
74.421,40.078
73.734,41.71
74.158,42.218
74.25,43.377
72.484,45.826
69.841,47.422
67.558,48.847
65.348,49.614
61.605,50.538
57.653,53.356
55.249,57.914
55.0,59.878
54.153,59.898
51.342,60.508
47.97,62.041
44.921,63.93
43.132,65.098
42.713,64.65
42.722,62.93
43.461,60.721
44.571,57.816
45.693,54.438
46.875,50.544
49.245,46.715
51.919,44.334
55.453,40.966
59.069,38.304
62.644,37.041
64.952,34.803
66.754,32.524
69.35,31.54
72.15,33.688
75.24,34.792
77.833,36.475
80.722,36.879
81.264,36.846
79.181,39.414
75.57,43.455
73.872,47.108
72.559,52.277
68.949,57.509
66.792,59.213
65.481,60.444
64.762,62.184
63.025,61.249
59.735,58.995
57.425,57.466
54.294,55.842
50.909,53.395
46.956,50.756
42.582,48.431
37.296,44.916
31.419,41.92
26.985,39.594
23.516,37.501
21.376,38.076
21.424,37.917
22.123,37.284
22.299,38.213
23.335,36.144
25.196,35.867
27.761,37.436
30.465,37.389
33.312,35.976
35.96,35.047
38.921,34.802
42.264,35.627
45.025,37.12
47.929,36.999
49.206,39.239
49.866,42.945
49.546,46.379
48.474,50.202
47.236,53.4
45.684,55.497
44.779,57.035
44.223,57.188
43.845,56.89
42.38,54.918
40.01,51.849
38.212,48.92
36.672,46.591
35.357,44.423
34.11,42.367
32.281,41.715
30.564,40.118
29.559,40.472
28.167,41.41
27.871,40.972
28.003,40.619
27.047,40.525
26.236,38.058
25.714,35.637
25.663,34.603
25.622,34.637
26.116,32.403
25.597,32.535
24.78,32.2
24.049,33.135
23.624,32.554
23.427,31.816
22.491,29.556
22.215,28.237
22.634,29.198
22.124,29.055
22.049,28.686
22.118,29.561
21.113,28.377
21.259,29.823
21.495,30.98
21.913,29.09
21.024,27.64
20.676,25.928
21.179,24.506
21.817,22.846
22.001,22.295
21.817,22.162
22.021,22.134
22.83,20.974
21.162,21.648
20.848,22.307
22.077,21.466
22.273,22.381
20.815,22.102
21.419,21.684
22.046,22.115
20.708,24.528
20.674,23.673
20.602,23.779
21.434,22.893
21.832,22.729
22.044,22.668
22.195,22.381
22.157,22.3
22.526,22.18
21.821,23.1
21.29,23.972
23.69,26.352
27.768,27.816
30.691,29.572
31.26,30.781
30.984,29.632
30.093,26.07
30.16,20.828
31.966,17.432
34.3,16.775
37.827,15.723
40.777,15.233
41.432,12.88
41.05,10.235
41.207,7.856
42.384,5.705
45.56,3.672
50.016,3.145
52.028,3.157
50.97,3.659
50.377,4.183
51.196,4.642
53.11,4.601
54.917,3.836
58.034,3.06
60.241,2.474
62.084,3.634
63.028,6.87
64.783,11.703
66.614,16.398
68.207,22.111
69.83,27.251
72.075,32.004
73.859,36.084
75.025,39.088
75.316,41.322
74.043,44.089
72.078,46.706
69.793,48.106
67.492,49.782
67.124,51.095
68.277,53.576
69.837,53.102
73.282,51.198
76.238,50.777
75.999,50.55
73.702,51.747
71.415,52.763
69.043,55.25
67.242,56.244
65.699,56.328
65.791,54.128
67.831,54.214
68.281,54.843
68.309,53.257
68.266,54.307
66.449,54.076
63.49,52.568
59.679,51.275
55.167,48.775
51.311,47.986
47.468,45.462
44.45,43.3
41.122,42.867
38.661,43.627
35.777,44.658
32.167,44.074
29.669,45.341
27.718,44.843
26.572,46.276
26.908,47.994
27.379,48.667
27.765,50.046
28.139,52.697
27.162,54.401
25.796,54.992
24.703,53.764
24.699,51.518
24.161,49.965
22.836,48.264
20.395,45.87
18.771,43.131
17.288,41.349
17.045,41.091
17.26,39.1
18.72,38.444
19.94,37.958
21.363,35.836
21.491,35.555
21.835,35.678
21.979,35.088
21.684,34.962
21.873,34.514
22.889,32.274
24.716,32.148
27.332,34.732
30.427,38.701
33.995,41.736
36.603,45.287
37.731,48.932
37.626,52.554
37.608,57.23
38.071,60.053
37.331,60.66
34.583,59.983
30.647,58.211
27.661,55.989
25.489,52.798
24.254,50.687
23.381,49.185
24.402,47.201
27.135,44.89
30.359,42.694
33.689,40.988
37.053,41.195
40.333,41.494
44.39,40.912
48.491,41.233
51.672,42.237
52.872,43.996
54.147,44.999
56.279,48.673
55.95,51.377
55.38,52.154
53.398,52.762
49.157,53.2
46.4,52.986
43.229,53.243
40.729,53.046
38.741,52.747
36.161,53.089
33.715,55.751
31.128,60.176
29.91,63.966
27.943,65.582
27.883,64.851
29.439,60.859
28.699,57.681
25.774,55.71
22.333,55.059
18.603,54.246
15.084,50.55
13.299,47.623
11.939,45.927
12.47,45.967
12.958,46.178
13.646,45.977
14.832,44.903
14.846,45.26
14.434,45.176
14.736,45.183
15.477,45.645
15.172,45.277
14.793,43.748
14.577,44.339
14.78,44.768
15.205,44.133
14.823,41.931
14.924,40.195
15.14,39.475
14.203,39.245
13.432,39.456
12.63,38.258
11.788,37.361
12.137,37.424
11.993,36.328
12.517,34.708
13.17,33.605
13.845,33.911
13.774,32.731
17.665,30.402
23.579,28.486
29.4,22.695
33.118,15.859
32.453,9.433
27.432,6.586
20.374,7.845
14.986,12.045
12.776,16.27
13.214,18.736
14.422,20.452
16.522,22.708
17.897,24.664
18.69,25.962
19.202,27.316
19.334,28.86
17.657,30.006
17.108,32.245
19.571,33.813
21.777,35.002
24.283,37.114
26.693,37.746
28.082,39.514
29.793,40.361
31.347,41.05
31.934,43.27
33.501,44.422
34.699,44.943
36.79,45.389
38.231,46.756
39.517,47.984
40.718,49.317
41.658,50.444
41.868,50.495
43.159,51.663
44.479,53.094
45.136,54.812
45.217,55.799
45.02,55.22
45.888,55.552
47.327,55.996
50.064,56.465
51.516,57.625
52.815,59.843
53.644,62.375
54.531,64.64
55.748,65.469
58.064,65.762
60.304,64.665
61.774,63.801
62.826,63.262
64.078,63.356
64.905,63.825
65.186,62.864
65.824,60.62
66.621,59.38
67.802,58.517
68.333,56.036
67.538,53.777
66.964,53.762
65.778,55.789
60.248,58.4
54.214,59.991
49.947,63.405
47.201,65.142
44.547,65.151
42.812,64.938
41.531,64.519
39.894,63.552
37.583,61.528
34.015,59.478
29.945,56.887
26.108,53.976
22.388,53.45
19.69,55.564
20.814,58.059
23.46,58.676
26.473,58.112
27.634,56.385
27.729,53.929
27.445,51.34
26.758,50.444
26.325,50.404
27.229,49.634
28.26,49.146
26.731,50.597
22.923,54.037
18.444,57.432
15.98,58.768
13.084,58.816
10.554,58.74
8.174,61.643
6.878,63.393
5.732,62.792
2.479,62.579
1.297,61.521
0.883,61.162
0.983,60.833
3.459,59.088
6.429,58.492
8.832,58.808
12.657,58.376
16.692,58.047
21.064,58.317
25.389,57.465
29.364,57.195
32.801,56.903
35.982,56.227
39.063,56.377
41.628,56.676
43.972,56.32
45.77,56.038
47.218,55.463
48.699,55.433
51.121,56.507
53.473,57.793
55.644,59.611
58.163,61.418
59.671,63.163
60.775,63.78
62.216,64.631
63.324,65.413
64.191,65.456
65.127,65.808
64.522,65.276
64.25,65.277
65.259,64.602
65.243,63.631
65.29,63.537
65.135,64.574
65.052,64.047
65.469,64.527
64.914,64.835
64.36,64.357
62.733,64.594
61.19,64.805
59.743,65.49
58.737,64.826
59.28,64.784
60.329,64.12
59.289,63.735
57.855,64.288
56.718,63.714
54.609,63.084
52.563,63.43
51.345,61.291
50.057,58.905
47.786,56.648
44.887,54.303
41.898,52.43
40.374,50.624
40.136,48.32
39.95,44.417
40.547,42.688
41.439,41.969
42.184,42.136
42.468,42.976
42.724,43.549
42.528,43.762
42.391,44.997
42.714,47.529
43.376,50.349
43.168,53.986
41.997,57.092
40.389,59.936
37.845,62.519
33.919,62.756
28.392,63.267
22.953,66.3
20.506,66.335
18.001,65.166
15.585,63.322
14.752,60.654
14.665,58.335
13.777,55.084
13.191,53.104
13.446,52.881
14.622,50.774
14.243,48.169
13.687,47.444
13.41,46.34
14.076,45.544
13.38,45.383
14.391,42.503
14.941,41.77
15.98,40.833
16.369,40.021
16.298,40.511
15.455,41.684
14.929,42.636
14.32,41.727
14.685,41.103
14.971,40.483
15.334,40.57
16.034,40.033
16.048,39.719
14.918,39.264
14.56,39.747
15.131,39.013
16.093,38.607
15.316,39.488
15.224,39.275
14.55,39.377
14.914,38.791
15.151,39.58
15.093,39.852
15.301,40.054
14.888,40.346
14.86,40.119
14.956,40.224
14.561,40.009
14.737,38.597
15.083,38.067
15.243,37.489
15.344,36.975
15.035,37.063
14.799,38.056
14.601,40.593
13.973,40.924
13.655,41.44
14.027,41.4
14.283,41.441
13.392,42.095
13.364,41.541
13.965,41.26
15.216,42.706
15.752,44.779
15.675,45.364
15.978,44.786
15.172,44.951
14.654,44.338
14.068,43.532
13.299,43.752
13.305,42.566
13.299,41.874
12.34,42.267
11.917,41.454
12.309,40.946
12.197,40.528
12.217,40.98
13.066,42.172
14.563,43.093
17.354,40.463
20.775,37.52
24.16,35.153
26.291,33.204
26.79,34.636
26.263,34.011
24.389,33.355
21.818,34.618
19.308,36.886
18.137,38.485
18.129,39.474
18.967,40.971
18.656,40.784
18.573,40.858
18.684,40.968
19.935,40.266
22.265,39.674
25.187,37.391
28.209,34.981
30.941,33.712
33.919,30.401
36.242,28.255
37.836,28.073
39.174,27.343
40.428,26.447
41.794,26.178
43.609,24.719
45.717,24.093
47.983,25.182
48.974,26.078
48.795,26.005
48.449,26.32
51.171,26.344
56.077,27.896
60.083,30.521
62.259,33.147
63.697,34.733
63.734,39.264
63.591,43.098
63.156,43.929
63.047,43.059
62.539,42.203
61.423,42.908
61.055,45.948
61.528,49.134
62.531,51.273
63.71,52.988
64.168,58.571
62.509,62.198
61.484,64.063
61.082,62.424
59.73,65.009
59.486,65.103
60.401,64.209
60.028,63.359
58.97,62.124
58.116,61.519
57.345,59.99
56.174,58.401
55.439,57.382
55.93,56.742
66.119,53.947
61.823,52.818
58.437,49.053
55.901,46.401
54.63,44.809
53.473,45.032
53.224,45.284
52.236,46.72
50.427,47.255
48.644,47.066
45.821,49.744
41.078,53.5
35.626,57.616
31.929,62.456
31.735,64.158
32.093,64.102
33.554,63.7
35.854,62.748
38.346,61.677
40.603,60.76
41.136,59.084
40.828,56.682
39.906,54.153
38.069,52.137
36.357,50.564
35.312,49.495
33.36,49.04
32.246,47.224
32.241,45.7
33.849,46.574
36.038,48.932
37.859,51.646
39.429,54.947
40.453,56.532
40.907,56.235
41.578,55.619
43.228,54.436
44.81,51.302
48.051,50.868
51.739,51.581
54.76,53.668
56.166,55.534
57.274,56.804
56.514,55.948
54.871,55.256
53.476,54.556
51.901,54.147
49.57,53.44
46.355,53.494
42.361,55.302
38.029,56.814
34.72,60.73
32.807,64.695
31.347,64.542
29.398,62.507
26.143,60.791
21.244,58.392
20.095,56.371
20.326,56.517
18.85,56.568
19.212,54.681
21.311,51.822
24.755,50.884
28.347,50.933
32.021,50.211
36.439,49.899
39.944,50.005
42.919,49.629
45.722,49.136
48.886,48.422
51.073,46.96
52.976,45.806
54.543,45.058
55.293,44.228
55.479,44.178
54.996,43.47
54.974,41.929
55.89,38.825
56.355,39.857
56.844,41.523
58.488,43.598
60.011,45.237
61.453,44.573
62.176,43.739
63.071,43.002
64.819,44.092
66.689,45.431
67.416,48.084
68.05,50.31
69.375,52.557
70.994,54.751
72.144,56.511
73.207,57.343
72.881,58.715
70.948,60.406
68.448,60.072
67.015,57.699
67.5,57.212
64.728,59.817
60.669,59.947
56.53,61.616
53.569,63.841
52.989,65.343
53.41,65.704
53.17,64.685
52.051,60.818
50.907,56.1
52.044,53.806
55.357,52.823
57.873,51.189
59.613,50.824
61.502,48.957
63.154,46.997
64.089,46.529
62.244,46.918
60.19,45.621
58.772,42.155
58.06,38.511
55.658,37.287
54.584,36.316
55.152,33.6
56.264,33.512
58.066,34.414
61.508,33.669
65.066,35.427
69.919,39.525
72.293,42.999
71.74,44.696
69.479,46.087
66.769,46.931
64.578,46.377
62.57,43.812
60.02,45.065
57.7,48.491
55.443,50.867
52.696,52.266
48.66,52.467
45.493,52.321
42.725,52.52
39.632,51.629
36.915,49.201
35.513,46.39
32.913,44.188
29.245,43.795
26.363,42.038
26.037,41.012
26.687,39.225
27.089,39.195
27.572,39.839
28.876,41.581
32.105,43.69
34.743,45.704
35.488,47.904
36.474,50.283
36.69,51.114
36.411,52.006
36.735,53.467
37.291,53.536
37.826,51.891
38.426,49.604
38.938,47.738
38.903,46.427
38.326,44.759
37.5,43.138
36.36,42.302
35.946,40.77
35.485,40.307
34.805,39.588
33.505,37.914
30.985,36.713
28.9,36.964
28.651,38.983
29.242,39.977
30.479,40.182
33.883,41.419
38.257,43.74
42.592,47.145
47.448,51.566
52.383,56.709
56.528,61.467
58.278,64.541
57.771,65.908
56.657,66.796
57.932,65.735
61.335,64.248
63.888,63.36
64.586,63.337
65.852,61.958
67.545,58.907
67.463,58.574
67.942,59.134
68.271,58.387
67.644,59.886
66.768,60.558
66.567,59.58
67.115,59.253
68.019,60.164
69.407,60.569
70.145,60.728
70.407,62.167
72.704,63.526
72.667,63.37
72.464,64.209
71.913,65.068
70.243,64.548
69.334,64.451
68.268,64.245
67.503,64.327
66.975,64.132
66.533,64.079
66.13,64.285
65.823,64.088
65.469,64.036
65.169,64.305
65.103,64.291
65.443,64.986
65.756,64.766
65.797,64.177
65.454,63.269
65.756,62.025
66.704,62.571
66.679,63.616
65.676,63.767
64.705,63.214
64.329,64.556
64.348,65.523
63.959,65.839
62.209,65.288
60.879,64.192
61.101,63.677
62.798,64.187
64.832,65.571
65.45,64.76
64.914,64.664
64.403,63.779
63.061,62.895
60.984,62.603
59.975,61.683
60.499,60.677
60.487,59.913
58.343,58.363
55.355,56.371
52.191,54.124
47.845,52.077
43.573,50.336
40.048,48.048
36.849,44.806
34.268,42.179
32.634,40.761
32.492,40.418
32.969,41.939
